stress_score,assessment_preference,course_modality,marijuana_product_consumption,honor_code_violation,fastest_speed,maximum_alcohol_consumed,investor_type,pacific_free_speech,speaker_opinion,biological_sex,cousins,athlete,home_environment,age,gpa,major,screen_time,units,urm,api,multiracial,number_of_fears,snake_fear,spider_fear,rodent_fear,dentist_fear,height_fear,blood_fear,enclosed_fear,speaking_fear,darkness_fear,failure_fear,ridicule_fear,rejection_fear,commitment_fear,intimacy_fears,death_fear,unknown_fear
26,Exam(s),Highly prefer in person courses,Yes,No,95,0,Moderately Conservative,Strongly Agree,Any Protest,Female,20,No,Suburban,19,3.78,ESB,10,16,TRUE,FALSE,FALSE,16,TRUE,TRUE,TRUE,TRUE,TRUE,TRUE,TRUE,TRUE,TRUE,TRUE,TRUE,TRUE,TRUE,TRUE,TRUE,TRUE
17,Exam(s),Neutral,No,No,85,0,Moderately Aggressive,Moderately Agree,Limited Protest,Male,5,HS,Urban,19,0,SOECS,8,0,FALSE,TRUE,FALSE,6,FALSE,FALSE,TRUE,FALSE,FALSE,FALSE,TRUE,FALSE,TRUE,FALSE,FALSE,TRUE,FALSE,FALSE,TRUE,TRUE
14,Portfolio of Work,Highly prefer in person courses,No,No,60,0,Moderate,Strongly Agree,Limited Protest,Female,15,HS,Suburban,19,3.04,ESB,6,0,TRUE,FALSE,FALSE,6,TRUE,TRUE,TRUE,FALSE,FALSE,FALSE,FALSE,TRUE,FALSE,TRUE,FALSE,FALSE,FALSE,FALSE,TRUE,FALSE
12,Course Project,Highly prefer online courses,No,No,90,4,Moderately Conservative,Moderately Agree,Limited Protest,Female,10,HS,Suburban,21,3.75,COP-NS,12,18,FALSE,TRUE,FALSE,5,FALSE,FALSE,FALSE,FALSE,TRUE,FALSE,FALSE,FALSE,FALSE,FALSE,TRUE,FALSE,TRUE,TRUE,FALSE,FALSE
32,Portfolio of Work,Highly prefer online courses,No,No,85,0,Moderate,Strongly Agree,Limited Protest,Female,47,No,Suburban,18,2.8,ESB,5,16,TRUE,FALSE,FALSE,9,FALSE,TRUE,TRUE,FALSE,TRUE,FALSE,FALSE,FALSE,FALSE,TRUE,TRUE,TRUE,TRUE,TRUE,FALSE,TRUE
14,Portfolio of Work,Somewhat prefer in person courses,No,No,0,0,Moderate,Strongly Agree,Limited Protest,Female,400,HS,Urban,19,2.7,ESB,5,0,FALSE,TRUE,FALSE,7,FALSE,TRUE,FALSE,TRUE,TRUE,TRUE,FALSE,FALSE,TRUE,TRUE,FALSE,FALSE,FALSE,FALSE,TRUE,FALSE
11,Exam(s),Highly prefer in person courses,No,No,90,2,Moderately Conservative,This is my first semester at the University of the Pacific and not had enough time on campus to form an opinion.,Limited Protest,Male,8,No,Urban,30,3.6,SOECS,4,16,TRUE,FALSE,TRUE,2,FALSE,FALSE,FALSE,FALSE,FALSE,FALSE,FALSE,TRUE,FALSE,FALSE,FALSE,FALSE,FALSE,FALSE,TRUE,FALSE
26,Exam(s),Highly prefer in person courses,No,No,130,1,Moderate,Strongly Agree,Limited Protest,Male,3,HS,Suburban,20,2.94,COP-NS,8,18,FALSE,TRUE,FALSE,5,FALSE,TRUE,FALSE,FALSE,FALSE,FALSE,FALSE,TRUE,FALSE,TRUE,TRUE,TRUE,FALSE,FALSE,FALSE,FALSE
15,Exam(s),Neutral,No,No,100,0,Moderate,Moderately Agree,Limited Protest,Female,11,HS,Suburban,20,3.87,COP-NS,5.5,18,FALSE,TRUE,FALSE,7,TRUE,TRUE,FALSE,FALSE,FALSE,FALSE,FALSE,FALSE,FALSE,TRUE,TRUE,TRUE,FALSE,FALSE,TRUE,TRUE
20,Portfolio of Work,Highly prefer in person courses,No,No,90,4,Moderate,Moderately Agree,Limited Protest,Female,9,HS,Suburban,21,3.98,COP-NS,3,17,FALSE,TRUE,FALSE,6,TRUE,TRUE,FALSE,FALSE,FALSE,FALSE,FALSE,TRUE,FALSE,TRUE,TRUE,TRUE,FALSE,FALSE,FALSE,FALSE
24,Course Project,Neutral,Yes,No,115,6,Moderate,Moderately Disagree,Limited Protest,Female,10,College,Urban,19,3.64,SOP,5,16,FALSE,TRUE,FALSE,7,FALSE,FALSE,FALSE,FALSE,FALSE,FALSE,TRUE,TRUE,FALSE,TRUE,TRUE,TRUE,FALSE,FALSE,FALSE,TRUE
17,Exam(s),Neutral,No,No,110,10,Moderate,Moderately Disagree,Limited Protest,Male,9,HS,Rural,19,3.67,ESB,4,16,TRUE,FALSE,FALSE,6,FALSE,FALSE,TRUE,TRUE,FALSE,FALSE,FALSE,TRUE,FALSE,TRUE,FALSE,FALSE,FALSE,FALSE,TRUE,TRUE
18,Portfolio of Work,Highly prefer in person courses,Yes,No,80,4,Moderate,Moderately Agree,Limited Protest,Female,12,No,Suburban,20,3.2,SOP,6,18,FALSE,TRUE,FALSE,6,TRUE,FALSE,TRUE,FALSE,FALSE,FALSE,FALSE,FALSE,FALSE,TRUE,FALSE,TRUE,TRUE,FALSE,TRUE,FALSE
19,Course Project,Highly prefer in person courses,No,No,90,0,Moderate,Strongly Agree,Limited Protest,Male,9,No,Suburban,21,2.7,SOP,12,14,FALSE,TRUE,FALSE,6,FALSE,FALSE,FALSE,FALSE,TRUE,FALSE,TRUE,FALSE,FALSE,TRUE,TRUE,TRUE,FALSE,FALSE,TRUE,FALSE
28,Exam(s),Highly prefer in person courses,No,No,90,1,Moderately Conservative,Moderately Agree,Any Protest,Female,20,HS,Suburban,20,3.39,SOECS,2,18,FALSE,TRUE,FALSE,5,TRUE,FALSE,FALSE,FALSE,FALSE,FALSE,FALSE,TRUE,FALSE,TRUE,FALSE,TRUE,FALSE,FALSE,TRUE,FALSE
4,Term Paper,Highly prefer in person courses,No,No,95,12,Aggressive,Moderately Disagree,Limited Protest,Male,4,College,Suburban,19,4,COP - SSH,4,17,TRUE,FALSE,FALSE,5,TRUE,TRUE,FALSE,FALSE,TRUE,FALSE,FALSE,FALSE,FALSE,FALSE,FALSE,FALSE,TRUE,FALSE,TRUE,FALSE
9,Term Paper,Somewhat prefer online courses,No,No,95,0,Moderate,Moderately Agree,Limited Protest,Female,7,HS,Suburban,18,3,SOP,4.5,15,FALSE,TRUE,FALSE,7,TRUE,TRUE,TRUE,FALSE,FALSE,FALSE,FALSE,TRUE,FALSE,TRUE,TRUE,TRUE,FALSE,FALSE,FALSE,FALSE
7,Portfolio of Work,Highly prefer in person courses,No,Yes,90,0,Moderately Aggressive,Moderately Agree,Limited Protest,Male,5,No,Suburban,19,4,SOECS,6,15,FALSE,TRUE,FALSE,5,TRUE,TRUE,FALSE,FALSE,FALSE,FALSE,FALSE,TRUE,FALSE,TRUE,FALSE,FALSE,FALSE,FALSE,FALSE,TRUE
30,Course Project,Somewhat prefer online courses,No,Yes,55,1,Moderate,This is my first semester at the University of the Pacific and not had enough time on campus to form an opinion.,Limited Protest,Male,11,No,Suburban,17,3.99,SOECS,5,18,FALSE,TRUE,FALSE,7,FALSE,TRUE,FALSE,FALSE,TRUE,FALSE,FALSE,TRUE,TRUE,TRUE,TRUE,TRUE,FALSE,FALSE,FALSE,FALSE
31,Portfolio of Work,Somewhat prefer in person courses,No,No,90,6,Conservative,Moderately Agree,Limited Protest,Female,13,HS,Suburban,21,3.4,SOP,5,13,FALSE,TRUE,FALSE,4,FALSE,FALSE,FALSE,FALSE,FALSE,FALSE,FALSE,FALSE,FALSE,TRUE,FALSE,FALSE,TRUE,TRUE,FALSE,TRUE
8,Portfolio of Work,Somewhat prefer online courses,No,No,90,8,Moderately Aggressive,Strongly Agree,Limited Protest,Male,3,HS,Suburban,21,3.65,SHS,5.5,16,FALSE,TRUE,FALSE,5,FALSE,FALSE,FALSE,TRUE,TRUE,FALSE,FALSE,FALSE,FALSE,FALSE,TRUE,TRUE,FALSE,FALSE,FALSE,FALSE
25,Course Project,Neutral,No,No,110,2,Moderately Aggressive,Strongly Disagree,Limited Protest,Female,6,No,Suburban,18,4,DEN,5,15,FALSE,TRUE,FALSE,8,FALSE,TRUE,FALSE,FALSE,TRUE,FALSE,TRUE,TRUE,TRUE,TRUE,TRUE,TRUE,FALSE,FALSE,FALSE,FALSE
27,Course Project,Somewhat prefer in person courses,No,No,17,2,Moderately Aggressive,Strongly Disagree,Limited Protest,Female,1,HS,Suburban,19,0,DEN,7,18,FALSE,TRUE,FALSE,15,TRUE,TRUE,TRUE,FALSE,FALSE,FALSE,TRUE,TRUE,TRUE,TRUE,TRUE,TRUE,TRUE,FALSE,TRUE,TRUE
4,Portfolio of Work,Somewhat prefer online courses,No,No,60,0,Moderate,Moderately Agree,No Protest,Female,10,HS,Suburban,19,3.32,SOP,9,15,FALSE,TRUE,FALSE,6,FALSE,FALSE,FALSE,FALSE,FALSE,FALSE,FALSE,TRUE,FALSE,TRUE,FALSE,TRUE,FALSE,FALSE,TRUE,TRUE
21,Course Project,Somewhat prefer in person courses,No,No,95,3,Moderate,Moderately Agree,No Protest,Female,11,HS,Suburban,20,2.96,COP-NS,6,12,FALSE,TRUE,FALSE,4,TRUE,FALSE,TRUE,FALSE,FALSE,FALSE,FALSE,FALSE,FALSE,FALSE,TRUE,TRUE,FALSE,FALSE,FALSE,FALSE
23,Course Project,Somewhat prefer online courses,No,No,89,0,Moderate,Moderately Agree,Limited Protest,Female,10,No,Urban,20,2.71,SOP,11,18,FALSE,TRUE,FALSE,17,TRUE,TRUE,TRUE,TRUE,TRUE,TRUE,TRUE,TRUE,TRUE,TRUE,TRUE,TRUE,TRUE,FALSE,TRUE,TRUE
5,Exam(s),Somewhat prefer in person courses,No,No,70,0,Moderate,Moderately Agree,No Protest,Male,4,No,Suburban,18,0,SHS,5,17,FALSE,TRUE,FALSE,5,FALSE,FALSE,FALSE,FALSE,TRUE,FALSE,FALSE,FALSE,FALSE,TRUE,TRUE,TRUE,FALSE,FALSE,TRUE,FALSE
11,Exam(s),Highly prefer in person courses,No,No,90,5,Moderate,Moderately Disagree,Limited Protest,Male,9,No,Urban,24,3.73,COP-NS,12,18,FALSE,TRUE,FALSE,2,FALSE,FALSE,FALSE,FALSE,FALSE,FALSE,FALSE,FALSE,FALSE,TRUE,TRUE,FALSE,FALSE,FALSE,FALSE,FALSE
29,Course Project,Somewhat prefer in person courses,No,No,10,0,Moderate,Moderately Agree,No Protest,Male,4,No,Urban,20,3.04,SOECS,11,16,FALSE,TRUE,FALSE,8,TRUE,TRUE,TRUE,FALSE,FALSE,FALSE,FALSE,TRUE,TRUE,TRUE,FALSE,TRUE,FALSE,FALSE,TRUE,FALSE
31,Portfolio of Work,Neutral,No,No,95,0,Moderately Aggressive,Moderately Agree,Limited Protest,Female,11,No,Suburban,19,3.5,COP-NS,8,17,FALSE,TRUE,FALSE,17,TRUE,TRUE,TRUE,FALSE,TRUE,TRUE,TRUE,TRUE,TRUE,TRUE,TRUE,TRUE,TRUE,TRUE,TRUE,TRUE
16,Exam(s),Somewhat prefer in person courses,No,No,143,0,Moderate,Moderately Agree,No Protest,Male,2,HS,Suburban,19,3.85,ESB,0,15,FALSE,TRUE,FALSE,7,FALSE,TRUE,FALSE,FALSE,TRUE,TRUE,FALSE,FALSE,FALSE,TRUE,FALSE,TRUE,FALSE,FALSE,TRUE,TRUE
15,Exam(s),Somewhat prefer in person courses,No,No,143,0,Moderate,Moderately Agree,Limited Protest,Male,2,HS,Suburban,19,3.85,ESB,4,15,FALSE,TRUE,FALSE,7,FALSE,TRUE,FALSE,FALSE,TRUE,TRUE,FALSE,TRUE,TRUE,FALSE,FALSE,TRUE,FALSE,FALSE,FALSE,TRUE
17,Term Paper,Somewhat prefer in person courses,No,No,50,3,Moderately Conservative,Moderately Agree,No Protest,Female,20,No,Suburban,20,3.3,SOP,8,18,FALSE,TRUE,FALSE,6,FALSE,FALSE,FALSE,FALSE,FALSE,TRUE,FALSE,TRUE,TRUE,TRUE,FALSE,TRUE,FALSE,TRUE,FALSE,FALSE
29,Course Project,Somewhat prefer in person courses,No,No,17,2,Moderately Aggressive,Strongly Disagree,Limited Protest,Female,1,HS,Suburban,19,0,DEN,7,18,FALSE,TRUE,FALSE,15,TRUE,TRUE,TRUE,FALSE,FALSE,FALSE,TRUE,TRUE,TRUE,TRUE,TRUE,TRUE,TRUE,TRUE,TRUE,TRUE
21,Portfolio of Work,Neutral,No,No,90,6,Moderate,This is my first semester at the University of the Pacific and not had enough time on campus to form an opinion.,Limited Protest,Male,3,HS,Suburban,22,4,SOECS,6,15,TRUE,FALSE,FALSE,2,FALSE,FALSE,FALSE,FALSE,FALSE,FALSE,FALSE,FALSE,FALSE,TRUE,TRUE,FALSE,FALSE,FALSE,FALSE,FALSE
13,Exam(s),Highly prefer in person courses,No,No,75,1,Moderately Conservative,Moderately Agree,Limited Protest,Male,8,No,Urban,20,3.9,DEN,6.5,18,FALSE,TRUE,FALSE,5,FALSE,TRUE,FALSE,FALSE,TRUE,FALSE,FALSE,TRUE,FALSE,TRUE,FALSE,TRUE,FALSE,FALSE,FALSE,FALSE
18,Exam(s),Highly prefer in person courses,No,No,75,0,Moderately Conservative,Moderately Agree,Limited Protest,Male,12,No,Suburban,20,3.8,DEN,7.2,18,FALSE,TRUE,FALSE,3,FALSE,TRUE,FALSE,FALSE,TRUE,FALSE,FALSE,FALSE,FALSE,FALSE,FALSE,TRUE,FALSE,FALSE,FALSE,FALSE
7,Course Project,Neutral,No,No,95,0,Moderately Aggressive,This is my first semester at the University of the Pacific and not had enough time on campus to form an opinion.,No Protest,Male,13,No,Urban,19,0,DEN,2,19,TRUE,FALSE,FALSE,2,FALSE,FALSE,FALSE,FALSE,TRUE,FALSE,FALSE,FALSE,FALSE,TRUE,FALSE,FALSE,FALSE,FALSE,FALSE,FALSE
24,Exam(s),Somewhat prefer in person courses,Yes,No,114,14,Moderate,Moderately Disagree,Limited Protest,Male,5,HS,Suburban,26,2.12,COP-NS,16,13,FALSE,TRUE,FALSE,10,TRUE,TRUE,FALSE,FALSE,TRUE,FALSE,TRUE,FALSE,TRUE,TRUE,TRUE,TRUE,FALSE,FALSE,TRUE,TRUE
15,Course Project,Highly prefer in person courses,Yes,Yes,90,8,Moderately Conservative,This is my first semester at the University of the Pacific and not had enough time on campus to form an opinion.,Any Protest,Male,20,No,Suburban,25,2.8,SOECS,3,16,TRUE,FALSE,FALSE,2,FALSE,FALSE,FALSE,FALSE,FALSE,FALSE,FALSE,FALSE,FALSE,TRUE,FALSE,TRUE,FALSE,FALSE,FALSE,FALSE
33,Course Project,Highly prefer in person courses,No,Yes,90,3,Moderately Conservative,Moderately Agree,Limited Protest,Female,12,No,Suburban,20,3.85,COP - SSH,5,13,TRUE,TRUE,TRUE,7,FALSE,TRUE,TRUE,FALSE,FALSE,FALSE,FALSE,FALSE,FALSE,TRUE,TRUE,TRUE,FALSE,FALSE,TRUE,TRUE
14,Course Project,Somewhat prefer in person courses,Yes,No,115,4,Moderate,Moderately Agree,Limited Protest,Male,8,HS,Suburban,21,2.7,COP-NS,6,18,FALSE,TRUE,FALSE,3,FALSE,FALSE,FALSE,FALSE,FALSE,FALSE,FALSE,FALSE,FALSE,TRUE,FALSE,TRUE,FALSE,FALSE,TRUE,FALSE
19,Exam(s),Neutral,No,No,0,18,Moderate,Moderately Disagree,No Protest,Female,16,HS,Urban,21,2.7,SOP,7,12,FALSE,TRUE,FALSE,13,TRUE,TRUE,TRUE,FALSE,TRUE,TRUE,TRUE,TRUE,TRUE,TRUE,TRUE,TRUE,FALSE,FALSE,FALSE,FALSE
22,Course Project,Somewhat prefer in person courses,Yes,No,0,4,Moderately Conservative,Moderately Disagree,No Protest,Male,0,No,Suburban,23,3.5,SOECS,3,14,TRUE,FALSE,FALSE,11,FALSE,TRUE,FALSE,FALSE,TRUE,TRUE,TRUE,TRUE,FALSE,TRUE,TRUE,TRUE,TRUE,FALSE,TRUE,TRUE
11,Exam(s),Somewhat prefer online courses,No,No,65,1,Moderate,Moderately Agree,Limited Protest,Male,7,No,Urban,19,2.3,SOECS,5.5,16,FALSE,TRUE,FALSE,2,FALSE,FALSE,FALSE,FALSE,FALSE,FALSE,FALSE,FALSE,FALSE,FALSE,TRUE,FALSE,TRUE,FALSE,FALSE,FALSE
17,Course Project,Highly prefer in person courses,No,No,65,0,Moderately Conservative,Moderately Agree,Limited Protest,Female,5,No,Suburban,19,3.7,SOECS,7,14,TRUE,FALSE,TRUE,7,FALSE,FALSE,FALSE,FALSE,TRUE,FALSE,FALSE,FALSE,FALSE,TRUE,TRUE,TRUE,FALSE,FALSE,TRUE,TRUE
17,Course Project,Highly prefer in person courses,No,No,65,0,Moderately Conservative,Strongly Agree,Limited Protest,Female,5,No,Suburban,19,3.7,SOECS,7,14,TRUE,FALSE,TRUE,7,FALSE,FALSE,FALSE,FALSE,FALSE,TRUE,FALSE,FALSE,FALSE,TRUE,TRUE,TRUE,FALSE,FALSE,TRUE,TRUE
17,Course Project,Highly prefer in person courses,Yes,No,146,4,Aggressive,Moderately Disagree,Limited Protest,Male,4,HS,Rural,19,3.5,ESB,3.5,16,TRUE,FALSE,FALSE,1,TRUE,FALSE,FALSE,FALSE,FALSE,FALSE,FALSE,FALSE,FALSE,FALSE,FALSE,FALSE,FALSE,FALSE,FALSE,FALSE
24,Course Project,Somewhat prefer in person courses,No,Yes,83,5,Moderate,Moderately Agree,No Protest,Male,11,HS,Urban,19,3.98,BC,14,16,TRUE,TRUE,TRUE,6,FALSE,TRUE,FALSE,TRUE,TRUE,FALSE,FALSE,FALSE,TRUE,TRUE,FALSE,FALSE,FALSE,FALSE,FALSE,TRUE
6,Course Project,Neutral,No,Yes,120,11,Moderately Conservative,Moderately Disagree,No Protest,Female,15,College,Rural,19,3.7,ESB,3,16,TRUE,FALSE,FALSE,4,TRUE,FALSE,FALSE,FALSE,TRUE,FALSE,FALSE,TRUE,FALSE,TRUE,FALSE,FALSE,FALSE,FALSE,FALSE,FALSE
20,Term Paper,Highly prefer in person courses,Yes,No,100,2,Moderate,Moderately Agree,Limited Protest,Female,2,No,Urban,20,2.8,COP-NS,5,16,TRUE,FALSE,FALSE,7,TRUE,TRUE,FALSE,FALSE,FALSE,FALSE,TRUE,FALSE,FALSE,TRUE,FALSE,TRUE,TRUE,FALSE,FALSE,TRUE
11,Course Project,Highly prefer in person courses,No,No,75,0,Moderate,Moderately Agree,Any Protest,Male,3,HS,Suburban,19,3.6,COP-NS,8,16,FALSE,TRUE,FALSE,8,TRUE,TRUE,TRUE,FALSE,FALSE,FALSE,FALSE,FALSE,FALSE,TRUE,TRUE,TRUE,FALSE,TRUE,FALSE,TRUE
20,Course Project,Highly prefer in person courses,No,No,120,0,Moderately Aggressive,Moderately Disagree,No Protest,Male,3,HS,Urban,22,4,SOECS,4,15,FALSE,FALSE,FALSE,3,FALSE,TRUE,FALSE,FALSE,FALSE,FALSE,FALSE,FALSE,FALSE,TRUE,FALSE,FALSE,FALSE,FALSE,TRUE,FALSE
23,Course Project,Somewhat prefer online courses,No,No,95,5,Moderate,Moderately Agree,Limited Protest,Female,3,HS,Urban,21,3.1,COP - SSH,5,18,FALSE,TRUE,FALSE,10,TRUE,TRUE,TRUE,FALSE,FALSE,FALSE,FALSE,TRUE,FALSE,TRUE,TRUE,TRUE,TRUE,FALSE,TRUE,TRUE
21,Term Paper,Highly prefer in person courses,Yes,No,120,3,Moderate,Strongly Agree,Limited Protest,Female,2,No,Urban,20,2.8,COP-NS,4,16,TRUE,FALSE,FALSE,10,TRUE,TRUE,TRUE,FALSE,TRUE,FALSE,FALSE,FALSE,TRUE,TRUE,FALSE,TRUE,TRUE,FALSE,TRUE,TRUE
24,Course Project,Somewhat prefer in person courses,No,No,83,2,Moderate,Moderately Agree,Limited Protest,Male,11,No,Urban,20,3.96,SOECS,12.41,15,FALSE,TRUE,FALSE,6,TRUE,FALSE,TRUE,FALSE,TRUE,FALSE,FALSE,TRUE,FALSE,TRUE,FALSE,FALSE,FALSE,FALSE,FALSE,TRUE
22,Exam(s),Neutral,No,No,70,0,Moderately Aggressive,Moderately Agree,Any Protest,Female,17,HS,Suburban,18,2.66,SOECS,3,16,TRUE,FALSE,FALSE,3,FALSE,TRUE,TRUE,FALSE,FALSE,FALSE,TRUE,FALSE,FALSE,FALSE,FALSE,FALSE,FALSE,FALSE,FALSE,FALSE
11,Portfolio of Work,Highly prefer in person courses,No,No,90,0,Moderately Conservative,Moderately Disagree,No Protest,Male,8,HS,Suburban,18,3.5,ESB,6,16,TRUE,FALSE,TRUE,5,TRUE,FALSE,FALSE,FALSE,FALSE,FALSE,FALSE,FALSE,TRUE,TRUE,FALSE,TRUE,FALSE,FALSE,FALSE,TRUE
21,Portfolio of Work,Neutral,Yes,No,90,2,Moderate,Moderately Disagree,Limited Protest,Male,5,HS,Suburban,19,0,SOECS,2,0,TRUE,TRUE,TRUE,1,FALSE,FALSE,FALSE,FALSE,FALSE,FALSE,FALSE,FALSE,FALSE,FALSE,FALSE,FALSE,FALSE,FALSE,TRUE,FALSE
23,Course Project,Neutral,No,No,40,1,Conservative,Moderately Agree,Limited Protest,Male,2,No,Urban,22,3.58,SOECS,8,15,FALSE,TRUE,FALSE,6,FALSE,TRUE,FALSE,FALSE,TRUE,FALSE,FALSE,TRUE,FALSE,TRUE,FALSE,FALSE,FALSE,FALSE,TRUE,TRUE
17,Portfolio of Work,Highly prefer in person courses,No,No,70,2,Moderate,Moderately Agree,Limited Protest,Female,7,No,Urban,19,4,ESB,8.5,16,FALSE,TRUE,FALSE,10,TRUE,TRUE,TRUE,FALSE,FALSE,TRUE,FALSE,FALSE,FALSE,TRUE,TRUE,FALSE,FALSE,TRUE,TRUE,FALSE
12,Course Project,Somewhat prefer in person courses,No,No,85,0,Moderate,Moderately Agree,Limited Protest,Male,15,HS,Suburban,18,0,SOECS,6,12,TRUE,FALSE,FALSE,4,FALSE,FALSE,FALSE,FALSE,TRUE,FALSE,FALSE,TRUE,FALSE,TRUE,FALSE,TRUE,FALSE,FALSE,FALSE,FALSE
29,Exam(s),Neutral,Yes,No,80,8,Moderate,Moderately Agree,Limited Protest,Female,10,No,Suburban,21,2.9,SOP,6,14,FALSE,TRUE,FALSE,12,TRUE,TRUE,TRUE,FALSE,FALSE,TRUE,FALSE,FALSE,TRUE,TRUE,TRUE,TRUE,FALSE,TRUE,TRUE,FALSE
8,Exam(s),Somewhat prefer in person courses,No,Yes,96,3,Moderate,Strongly Agree,Limited Protest,Male,0,HS,Suburban,19,3.5,SOECS,5,16,TRUE,FALSE,TRUE,8,TRUE,FALSE,TRUE,FALSE,TRUE,FALSE,FALSE,TRUE,FALSE,TRUE,TRUE,TRUE,FALSE,FALSE,TRUE,FALSE
15,Course Project,Highly prefer in person courses,Yes,Yes,90,8,Moderately Conservative,This is my first semester at the University of the Pacific and not had enough time on campus to form an opinion.,Limited Protest,Male,20,No,Suburban,25,2.8,SOECS,4,16,TRUE,FALSE,FALSE,2,FALSE,FALSE,FALSE,FALSE,FALSE,FALSE,FALSE,FALSE,FALSE,TRUE,FALSE,TRUE,FALSE,FALSE,FALSE,FALSE
19,Course Project,Somewhat prefer in person courses,No,No,85,3,Moderate,Moderately Agree,Limited Protest,Male,20,No,Urban,20,3.8,SOECS,17,15,FALSE,TRUE,FALSE,6,FALSE,FALSE,TRUE,FALSE,TRUE,FALSE,FALSE,TRUE,TRUE,TRUE,TRUE,FALSE,FALSE,FALSE,FALSE,FALSE
16,Exam(s),Somewhat prefer in person courses,No,No,0,3,Moderate,Moderately Agree,Limited Protest,Male,12,HS,Urban,19,3.48,SOECS,3,15,TRUE,TRUE,TRUE,3,FALSE,TRUE,FALSE,FALSE,FALSE,FALSE,FALSE,FALSE,FALSE,TRUE,FALSE,FALSE,FALSE,FALSE,FALSE,TRUE
31,Term Paper,Highly prefer in person courses,No,No,80,0,Moderate,Moderately Disagree,No Protest,Male,15,HS,Suburban,20,3.67,COP - SSH,7,16,TRUE,FALSE,FALSE,2,TRUE,FALSE,FALSE,FALSE,FALSE,FALSE,FALSE,FALSE,FALSE,FALSE,FALSE,TRUE,FALSE,FALSE,FALSE,FALSE
26,Term Paper,Somewhat prefer online courses,No,No,80,0,Moderately Aggressive,Moderately Disagree,Limited Protest,Male,7,HS,Suburban,20,2.8,SOP,11,12,FALSE,TRUE,FALSE,7,TRUE,TRUE,TRUE,FALSE,FALSE,FALSE,FALSE,FALSE,FALSE,TRUE,FALSE,TRUE,FALSE,FALSE,TRUE,TRUE
22,Exam(s),Highly prefer in person courses,No,No,100,5,Moderate,Moderately Agree,Limited Protest,Female,4,College,Suburban,19,3.4,COP-NS,5,12,TRUE,FALSE,FALSE,7,FALSE,FALSE,FALSE,FALSE,TRUE,FALSE,TRUE,TRUE,FALSE,TRUE,FALSE,TRUE,FALSE,FALSE,TRUE,TRUE
5,Portfolio of Work,Neutral,No,No,60,23,Moderately Aggressive,Moderately Disagree,No Protest,Male,27,HS,Suburban,19,2.93,COP-NS,16,17,FALSE,TRUE,FALSE,1,FALSE,TRUE,FALSE,FALSE,FALSE,FALSE,FALSE,FALSE,FALSE,FALSE,FALSE,FALSE,FALSE,FALSE,FALSE,FALSE
6,Portfolio of Work,Neutral,Yes,No,85,20,Moderate,Moderately Disagree,No Protest,Male,16,HS,Suburban,19,3.12,COP-NS,15,17,FALSE,TRUE,FALSE,1,FALSE,TRUE,FALSE,FALSE,FALSE,FALSE,FALSE,FALSE,FALSE,FALSE,FALSE,FALSE,FALSE,FALSE,FALSE,FALSE
10,Exam(s),Somewhat prefer in person courses,No,No,80,0,Moderate,Strongly Agree,No Protest,Female,15,HS,Urban,18,3.9,ESB,3,15,FALSE,TRUE,FALSE,3,TRUE,TRUE,TRUE,FALSE,FALSE,FALSE,FALSE,FALSE,FALSE,FALSE,FALSE,FALSE,FALSE,FALSE,FALSE,FALSE
8,Exam(s),Somewhat prefer in person courses,No,No,80,0,Moderate,Strongly Agree,No Protest,Female,15,HS,Suburban,18,3.9,ESB,3,15,FALSE,TRUE,FALSE,3,TRUE,TRUE,TRUE,FALSE,FALSE,FALSE,FALSE,FALSE,FALSE,FALSE,FALSE,FALSE,FALSE,FALSE,FALSE,FALSE
21,Portfolio of Work,Somewhat prefer online courses,No,Yes,92,0,Moderate,Moderately Agree,Limited Protest,Male,14,HS,Suburban,20,2.7,SOP,4,18,FALSE,TRUE,FALSE,6,FALSE,FALSE,FALSE,FALSE,TRUE,FALSE,TRUE,TRUE,FALSE,TRUE,TRUE,TRUE,FALSE,FALSE,FALSE,FALSE
21,Course Project,Highly prefer in person courses,No,No,90,8,Moderate,Moderately Agree,Limited Protest,Female,18,No,Urban,20,3.3,COP-NS,8.5,16,FALSE,TRUE,FALSE,9,TRUE,TRUE,TRUE,FALSE,FALSE,FALSE,FALSE,FALSE,FALSE,TRUE,TRUE,TRUE,FALSE,TRUE,TRUE,TRUE
15,Exam(s),Somewhat prefer online courses,Yes,No,94,21,Moderately Aggressive,Moderately Disagree,Limited Protest,Female,30,HS,Suburban,20,2.7,SOP,20,13,FALSE,TRUE,FALSE,7,FALSE,TRUE,TRUE,FALSE,FALSE,FALSE,FALSE,FALSE,TRUE,TRUE,TRUE,TRUE,FALSE,FALSE,FALSE,FALSE
18,Course Project,Somewhat prefer in person courses,No,No,80,0,Moderately Conservative,Moderately Agree,No Protest,Male,10,HS,Suburban,21,3.5,SOECS,6,14,TRUE,FALSE,FALSE,4,FALSE,TRUE,FALSE,FALSE,TRUE,FALSE,FALSE,FALSE,FALSE,FALSE,FALSE,FALSE,FALSE,FALSE,TRUE,TRUE
24,Exam(s),Highly prefer in person courses,No,No,110,0,Moderately Conservative,This is my first semester at the University of the Pacific and not had enough time on campus to form an opinion.,Limited Protest,Prefer not to disclose,4,No,Suburban,18,0,SOECS,9,15,TRUE,TRUE,TRUE,6,TRUE,TRUE,FALSE,FALSE,TRUE,FALSE,FALSE,TRUE,FALSE,TRUE,FALSE,FALSE,FALSE,FALSE,FALSE,TRUE
20,Exam(s),Highly prefer online courses,Yes,No,90,6,Moderate,Moderately Agree,Limited Protest,Female,80,HS,Suburban,21,2.9,COP-NS,6,15,FALSE,TRUE,FALSE,8,TRUE,TRUE,TRUE,FALSE,FALSE,FALSE,FALSE,TRUE,FALSE,TRUE,TRUE,TRUE,FALSE,TRUE,FALSE,FALSE
28,Term Paper,Highly prefer in person courses,No,No,50,0,Moderately Conservative,Moderately Agree,No Protest,Male,15,No,Suburban,20,3.71,SOECS,4,15,FALSE,TRUE,FALSE,7,TRUE,FALSE,FALSE,FALSE,FALSE,FALSE,FALSE,TRUE,FALSE,TRUE,TRUE,TRUE,TRUE,FALSE,FALSE,TRUE
26,Term Paper,Highly prefer in person courses,No,No,50,0,Moderately Conservative,Moderately Agree,No Protest,Male,15,No,Suburban,20,3.71,SOECS,4,15,TRUE,FALSE,FALSE,6,TRUE,FALSE,FALSE,FALSE,FALSE,FALSE,FALSE,TRUE,FALSE,TRUE,TRUE,FALSE,TRUE,FALSE,FALSE,TRUE
23,Exam(s),Highly prefer in person courses,No,No,80,6,Moderate,Moderately Disagree,No Protest,Male,31,College,Suburban,21,1.95,SOP,5,13,FALSE,TRUE,FALSE,7,FALSE,FALSE,FALSE,FALSE,TRUE,FALSE,TRUE,TRUE,FALSE,TRUE,TRUE,TRUE,FALSE,FALSE,TRUE,FALSE
30,Course Project,Neutral,Yes,No,145,10,Conservative,Moderately Disagree,Limited Protest,Male,2,HS,Suburban,20,3.33,COP-NS,4.5,18,FALSE,TRUE,FALSE,3,FALSE,FALSE,FALSE,FALSE,FALSE,FALSE,FALSE,FALSE,FALSE,TRUE,TRUE,TRUE,FALSE,FALSE,FALSE,FALSE
29,Exam(s),Highly prefer in person courses,Yes,Yes,70,10,Moderately Conservative,Moderately Agree,No Protest,Male,14,HS,Suburban,19,3.65,SOECS,6,16,FALSE,TRUE,FALSE,7,FALSE,FALSE,FALSE,FALSE,FALSE,FALSE,FALSE,TRUE,FALSE,TRUE,TRUE,TRUE,TRUE,FALSE,FALSE,FALSE
12,Term Paper,Somewhat prefer online courses,No,No,110,10,Moderately Aggressive,Moderately Agree,No Protest,Male,5,College,Urban,21,2.6,ESB,5,18,TRUE,TRUE,TRUE,3,FALSE,FALSE,FALSE,FALSE,FALSE,FALSE,FALSE,FALSE,FALSE,TRUE,FALSE,FALSE,FALSE,FALSE,TRUE,TRUE
25,Course Project,Neutral,No,No,170,0,Moderate,Moderately Agree,No Protest,Male,25,College,Suburban,19,2,ESB,14,16,FALSE,TRUE,FALSE,3,FALSE,FALSE,FALSE,FALSE,FALSE,FALSE,FALSE,FALSE,FALSE,TRUE,TRUE,TRUE,FALSE,FALSE,FALSE,FALSE
28,Portfolio of Work,Neutral,No,No,60,0,Moderate,Moderately Agree,Limited Protest,Male,20,No,Urban,20,0,SOECS,10,12,FALSE,TRUE,FALSE,4,FALSE,FALSE,FALSE,FALSE,TRUE,FALSE,FALSE,FALSE,FALSE,TRUE,FALSE,FALSE,FALSE,FALSE,FALSE,TRUE
22,Exam(s),Somewhat prefer in person courses,No,No,80,0,Conservative,Moderately Agree,Limited Protest,Male,4,No,Suburban,19,1.9,COP-NS,3.5,13,TRUE,FALSE,FALSE,6,FALSE,FALSE,FALSE,FALSE,FALSE,FALSE,TRUE,TRUE,FALSE,TRUE,FALSE,TRUE,TRUE,TRUE,FALSE,FALSE
4,Course Project,Somewhat prefer online courses,No,No,80,0,Moderately Aggressive,Strongly Agree,No Protest,Male,50,No,Urban,19,2.9,SOECS,0,14,TRUE,FALSE,FALSE,4,FALSE,TRUE,FALSE,FALSE,FALSE,FALSE,FALSE,TRUE,FALSE,TRUE,FALSE,FALSE,FALSE,FALSE,TRUE,FALSE
5,Course Project,Somewhat prefer online courses,No,No,100,12,Moderately Aggressive,This is my first semester at the University of the Pacific and not had enough time on campus to form an opinion.,Limited Protest,Male,7,College,Suburban,22,3,ESB,4,12,TRUE,FALSE,FALSE,7,TRUE,FALSE,TRUE,FALSE,TRUE,FALSE,TRUE,FALSE,FALSE,TRUE,FALSE,TRUE,FALSE,FALSE,TRUE,FALSE
7,Course Project,Somewhat prefer online courses,No,No,100,12,Moderately Aggressive,Strongly Disagree,Limited Protest,Male,7,College,Suburban,22,3,ESB,4,12,TRUE,FALSE,FALSE,7,TRUE,TRUE,TRUE,FALSE,TRUE,FALSE,FALSE,FALSE,FALSE,TRUE,FALSE,TRUE,FALSE,FALSE,TRUE,FALSE
6,Exam(s),Highly prefer in person courses,Yes,No,120,17,Moderately Conservative,Moderately Disagree,Limited Protest,Male,20,College,Suburban,19,4,ESB,3,18,TRUE,FALSE,FALSE,4,FALSE,FALSE,FALSE,FALSE,TRUE,FALSE,TRUE,FALSE,FALSE,TRUE,FALSE,TRUE,FALSE,FALSE,FALSE,FALSE
19,Exam(s),Somewhat prefer online courses,No,No,70,0,Moderate,Moderately Agree,Limited Protest,Male,35,HS,Suburban,20,3.2,SOP,6,16,FALSE,TRUE,FALSE,3,FALSE,FALSE,FALSE,FALSE,FALSE,FALSE,FALSE,TRUE,FALSE,TRUE,FALSE,TRUE,FALSE,FALSE,FALSE,FALSE
21,Course Project,Somewhat prefer online courses,No,No,100,0,Moderate,Moderately Agree,Limited Protest,Female,25,No,Urban,19,3.5,ESB,7,16,FALSE,TRUE,FALSE,13,TRUE,TRUE,TRUE,FALSE,FALSE,TRUE,TRUE,FALSE,TRUE,TRUE,FALSE,TRUE,TRUE,FALSE,TRUE,TRUE
12,Course Project,Highly prefer in person courses,No,No,70,4,Moderate,Moderately Disagree,No Protest,Male,10,No,Urban,21,3.5,SOECS,5,15,FALSE,TRUE,FALSE,9,FALSE,FALSE,FALSE,FALSE,TRUE,FALSE,TRUE,TRUE,TRUE,TRUE,TRUE,TRUE,FALSE,FALSE,TRUE,TRUE
10,Course Project,Highly prefer in person courses,No,No,70,4,Moderate,Moderately Disagree,No Protest,Male,10,No,Urban,21,3.5,SOECS,5,15,FALSE,TRUE,FALSE,8,FALSE,FALSE,FALSE,FALSE,TRUE,FALSE,TRUE,FALSE,TRUE,TRUE,TRUE,TRUE,FALSE,FALSE,TRUE,TRUE
12,Exam(s),Neutral,No,No,90,0,Moderate,Moderately Agree,Limited Protest,Male,48,No,Urban,19,3.6,SOECS,3,16,TRUE,FALSE,FALSE,7,TRUE,FALSE,FALSE,TRUE,FALSE,FALSE,TRUE,TRUE,FALSE,TRUE,FALSE,FALSE,FALSE,FALSE,TRUE,FALSE
29,Exam(s),Highly prefer online courses,Yes,Yes,95,9,Moderately Aggressive,Moderately Disagree,No Protest,Male,9,No,Suburban,20,2.6,SOECS,8,16,FALSE,TRUE,FALSE,4,FALSE,FALSE,FALSE,FALSE,TRUE,TRUE,TRUE,TRUE,FALSE,FALSE,FALSE,FALSE,FALSE,FALSE,FALSE,FALSE
20,Exam(s),Highly prefer online courses,Yes,Yes,90,9,Moderately Aggressive,Moderately Disagree,No Protest,Male,9,No,Suburban,20,2.6,SOECS,8,16,FALSE,TRUE,FALSE,4,FALSE,FALSE,FALSE,FALSE,TRUE,TRUE,TRUE,TRUE,FALSE,FALSE,FALSE,FALSE,FALSE,FALSE,FALSE,FALSE
22,Course Project,Somewhat prefer in person courses,No,No,60,1,Moderate,Moderately Agree,Limited Protest,Female,10,No,Suburban,21,2.6,SOP,5,13,FALSE,TRUE,FALSE,2,FALSE,FALSE,FALSE,FALSE,FALSE,FALSE,TRUE,FALSE,FALSE,TRUE,FALSE,FALSE,FALSE,FALSE,FALSE,FALSE
27,Portfolio of Work,Somewhat prefer in person courses,Yes,Yes,122,10,Moderately Aggressive,Moderately Disagree,No Protest,Male,9,HS,Suburban,19,2.4,COP-NS,8,18,FALSE,TRUE,FALSE,9,TRUE,TRUE,TRUE,FALSE,FALSE,FALSE,FALSE,FALSE,FALSE,TRUE,TRUE,TRUE,FALSE,TRUE,TRUE,TRUE
16,Course Project,Highly prefer in person courses,No,No,60,0,Aggressive,Strongly Agree,Limited Protest,Female,13,No,Suburban,19,3,COP-NS,10,18,FALSE,TRUE,FALSE,6,FALSE,FALSE,FALSE,FALSE,TRUE,FALSE,TRUE,TRUE,FALSE,FALSE,FALSE,TRUE,FALSE,FALSE,FALSE,TRUE
12,Exam(s),Neutral,No,No,0,0,Moderately Conservative,This is my first semester at the University of the Pacific and not had enough time on campus to form an opinion.,Limited Protest,Female,2,No,Urban,18,0,COP-NS,5,18,FALSE,TRUE,FALSE,3,FALSE,FALSE,FALSE,FALSE,FALSE,FALSE,FALSE,FALSE,FALSE,TRUE,TRUE,TRUE,FALSE,FALSE,FALSE,FALSE
20,Course Project,Highly prefer in person courses,No,No,80,0,Conservative,Moderately Agree,No Protest,Female,11,College,Urban,19,3.85,ESB,20,17,TRUE,FALSE,FALSE,3,TRUE,TRUE,TRUE,FALSE,FALSE,FALSE,FALSE,FALSE,FALSE,FALSE,FALSE,FALSE,FALSE,FALSE,FALSE,FALSE
15,Portfolio of Work,Neutral,No,No,90,0,Moderate,Moderately Agree,Limited Protest,Male,30,College,Rural,18,0,ESB,4,16,TRUE,FALSE,FALSE,5,TRUE,TRUE,FALSE,FALSE,FALSE,FALSE,FALSE,FALSE,FALSE,TRUE,FALSE,TRUE,FALSE,FALSE,TRUE,FALSE
32,Course Project,Neutral,No,No,0,0,Moderately Aggressive,This is my first semester at the University of the Pacific and not had enough time on campus to form an opinion.,No Protest,Male,3,HS,Urban,20,2,SOECS,5,0,FALSE,FALSE,FALSE,6,TRUE,TRUE,FALSE,FALSE,TRUE,FALSE,FALSE,FALSE,TRUE,TRUE,FALSE,FALSE,FALSE,FALSE,FALSE,TRUE
24,Term Paper,Neutral,No,No,90,5,Moderately Conservative,Moderately Agree,Limited Protest,Female,4,College,Suburban,20,3.2,ESB,10,12,TRUE,FALSE,FALSE,9,FALSE,TRUE,TRUE,FALSE,FALSE,FALSE,TRUE,FALSE,TRUE,TRUE,FALSE,TRUE,FALSE,FALSE,TRUE,TRUE
9,Exam(s),Highly prefer in person courses,Yes,Yes,90,6,Moderately Conservative,This is my first semester at the University of the Pacific and not had enough time on campus to form an opinion.,Limited Protest,Male,2,HS,Suburban,18,0,SOECS,6,12,TRUE,FALSE,FALSE,6,TRUE,FALSE,FALSE,FALSE,TRUE,FALSE,FALSE,FALSE,FALSE,TRUE,FALSE,TRUE,TRUE,FALSE,TRUE,FALSE
20,Exam(s),Somewhat prefer in person courses,No,No,90,8,Moderate,Moderately Disagree,Limited Protest,Male,2,HS,Suburban,18,0,SOECS,6,12,TRUE,FALSE,FALSE,5,TRUE,FALSE,TRUE,TRUE,FALSE,FALSE,FALSE,TRUE,FALSE,FALSE,FALSE,FALSE,FALSE,FALSE,FALSE,FALSE
5,Course Project,Highly prefer in person courses,No,No,65,0,Moderate,Moderately Agree,No Protest,Female,0,HS,Suburban,19,2.38,ESB,3,16,TRUE,FALSE,FALSE,1,FALSE,FALSE,FALSE,FALSE,FALSE,FALSE,FALSE,FALSE,FALSE,TRUE,FALSE,FALSE,FALSE,FALSE,FALSE,FALSE
6,Portfolio of Work,Somewhat prefer in person courses,No,No,95,3,Moderately Conservative,Moderately Agree,Limited Protest,Female,20,No,Suburban,21,3.97,COP-NS,8,14,FALSE,TRUE,FALSE,2,TRUE,FALSE,TRUE,FALSE,FALSE,FALSE,FALSE,FALSE,FALSE,FALSE,FALSE,FALSE,FALSE,FALSE,FALSE,FALSE
24,Portfolio of Work,Highly prefer in person courses,No,No,82,0,Moderately Conservative,This is my first semester at the University of the Pacific and not had enough time on campus to form an opinion.,Limited Protest,Female,10,No,Suburban,18,3.8,DEN,2,16,TRUE,TRUE,TRUE,6,FALSE,FALSE,FALSE,FALSE,FALSE,FALSE,TRUE,TRUE,FALSE,TRUE,TRUE,TRUE,FALSE,FALSE,FALSE,FALSE
19,Course Project,Highly prefer in person courses,No,No,95,8,Moderate,Moderately Agree,Limited Protest,Male,20,HS,Urban,18,2.83,SOECS,4,16,TRUE,FALSE,FALSE,3,FALSE,TRUE,FALSE,FALSE,FALSE,FALSE,FALSE,FALSE,FALSE,FALSE,FALSE,TRUE,FALSE,FALSE,TRUE,FALSE
11,Exam(s),Somewhat prefer online courses,No,No,110,20,Moderate,Moderately Disagree,No Protest,Male,30,HS,Suburban,20,1.45,SOECS,6,13,TRUE,FALSE,FALSE,1,FALSE,TRUE,FALSE,FALSE,FALSE,FALSE,FALSE,FALSE,FALSE,FALSE,FALSE,FALSE,FALSE,FALSE,FALSE,FALSE
25,Exam(s),Highly prefer in person courses,No,No,70,0,Moderate,Strongly Disagree,No Protest,Female,2,No,Rural,19,3.73,ESB,5,17,TRUE,FALSE,FALSE,8,FALSE,TRUE,FALSE,FALSE,TRUE,FALSE,TRUE,TRUE,TRUE,TRUE,FALSE,FALSE,FALSE,FALSE,TRUE,FALSE
20,Portfolio of Work,Highly prefer in person courses,No,No,80,0,Moderate,This is my first semester at the University of the Pacific and not had enough time on campus to form an opinion.,Limited Protest,Female,10,No,Suburban,18,3.8,DEN,2,16,TRUE,TRUE,TRUE,6,FALSE,FALSE,FALSE,FALSE,FALSE,FALSE,TRUE,FALSE,TRUE,TRUE,TRUE,TRUE,FALSE,FALSE,FALSE,FALSE
29,Portfolio of Work,Somewhat prefer online courses,No,No,0,0,Moderately Aggressive,Moderately Agree,Limited Protest,Female,10,HS,Suburban,18,0,ESB,8,16,FALSE,TRUE,FALSE,10,TRUE,TRUE,TRUE,TRUE,FALSE,FALSE,TRUE,TRUE,FALSE,TRUE,FALSE,TRUE,FALSE,FALSE,TRUE,TRUE
21,Course Project,Somewhat prefer in person courses,No,No,85,3,Moderate,Moderately Agree,Limited Protest,Male,20,No,Urban,20,3.8,SOECS,17,15,FALSE,TRUE,FALSE,6,TRUE,FALSE,FALSE,FALSE,TRUE,FALSE,FALSE,TRUE,TRUE,TRUE,FALSE,TRUE,FALSE,FALSE,FALSE,FALSE
25,Portfolio of Work,Highly prefer in person courses,Yes,Yes,93,7,Moderately Aggressive,Moderately Agree,Limited Protest,Female,20,HS,Suburban,22,2.8,COP-NS,6,15,FALSE,TRUE,FALSE,14,TRUE,TRUE,TRUE,TRUE,TRUE,FALSE,TRUE,FALSE,TRUE,TRUE,TRUE,FALSE,TRUE,FALSE,TRUE,TRUE
17,Exam(s),Somewhat prefer online courses,No,No,70,0,Moderately Conservative,Moderately Agree,Limited Protest,Male,30,HS,Urban,20,3.1,SOP,7,16,TRUE,FALSE,FALSE,3,TRUE,FALSE,FALSE,TRUE,FALSE,FALSE,TRUE,FALSE,FALSE,FALSE,FALSE,FALSE,FALSE,FALSE,FALSE,FALSE
24,Portfolio of Work,Highly prefer in person courses,Yes,No,80,3,Moderate,Moderately Agree,Any Protest,Male,20,No,Urban,19,3.1,SOECS,7,16,TRUE,FALSE,FALSE,8,FALSE,FALSE,TRUE,FALSE,TRUE,FALSE,TRUE,TRUE,TRUE,TRUE,FALSE,FALSE,FALSE,TRUE,FALSE,TRUE
26,Portfolio of Work,Neutral,No,No,80,3,Moderate,Moderately Agree,No Protest,Female,9,No,Suburban,20,0,SOP,3,18,FALSE,TRUE,FALSE,4,FALSE,FALSE,FALSE,FALSE,TRUE,FALSE,FALSE,FALSE,FALSE,TRUE,FALSE,TRUE,TRUE,FALSE,FALSE,FALSE
19,Course Project,Somewhat prefer in person courses,No,No,0,5,Moderate,Moderately Agree,Limited Protest,Female,9,College,Suburban,20,2.7,ESB,3,16,TRUE,FALSE,FALSE,4,FALSE,FALSE,FALSE,FALSE,TRUE,FALSE,FALSE,TRUE,TRUE,TRUE,FALSE,FALSE,FALSE,FALSE,FALSE,FALSE
20,Portfolio of Work,Highly prefer in person courses,Yes,Yes,115,17,Moderately Aggressive,Strongly Agree,Limited Protest,Male,36,HS,Urban,19,3.3,ESB,6,16,FALSE,TRUE,FALSE,3,FALSE,FALSE,FALSE,FALSE,FALSE,FALSE,FALSE,FALSE,FALSE,TRUE,TRUE,TRUE,FALSE,FALSE,FALSE,FALSE
20,Course Project,Somewhat prefer in person courses,No,No,120,0,Moderately Aggressive,Moderately Disagree,Limited Protest,Male,20,HS,Suburban,19,3,SOECS,3,17,FALSE,FALSE,FALSE,4,FALSE,FALSE,FALSE,FALSE,TRUE,FALSE,TRUE,FALSE,FALSE,TRUE,TRUE,FALSE,FALSE,FALSE,FALSE,FALSE
3,Course Project,Highly prefer in person courses,No,No,60,0,Moderately Aggressive,Moderately Agree,Limited Protest,Male,10,College,Suburban,19,3,SOECS,5,13,TRUE,FALSE,FALSE,1,TRUE,FALSE,FALSE,FALSE,FALSE,FALSE,FALSE,FALSE,FALSE,FALSE,FALSE,FALSE,FALSE,FALSE,FALSE,FALSE
27,Exam(s),Somewhat prefer in person courses,Yes,Yes,90,13,Moderate,Moderately Agree,Limited Protest,Female,8,HS,Urban,20,2.91,SOP,6,14,FALSE,TRUE,FALSE,10,TRUE,TRUE,FALSE,FALSE,FALSE,FALSE,TRUE,FALSE,FALSE,TRUE,TRUE,TRUE,TRUE,FALSE,TRUE,TRUE
30,Course Project,Somewhat prefer online courses,No,No,60,0,Moderate,Strongly Agree,No Protest,Male,7,HS,Urban,20,3.1,SOECS,5,4,TRUE,FALSE,FALSE,7,FALSE,FALSE,FALSE,FALSE,TRUE,FALSE,FALSE,TRUE,FALSE,TRUE,TRUE,TRUE,FALSE,FALSE,TRUE,TRUE
20,Exam(s),Highly prefer in person courses,Yes,Yes,120,4,Moderate,Moderately Disagree,Limited Protest,Male,6,No,Urban,31,2.3,SOECS,4,14,TRUE,FALSE,FALSE,4,FALSE,FALSE,FALSE,FALSE,FALSE,FALSE,FALSE,FALSE,FALSE,TRUE,TRUE,TRUE,FALSE,FALSE,FALSE,FALSE
14,Portfolio of Work,Highly prefer in person courses,No,No,85,2,Moderately Aggressive,Strongly Disagree,No Protest,Male,20,HS,Suburban,21,3.5,SOECS,10,13,FALSE,FALSE,FALSE,1,TRUE,FALSE,FALSE,FALSE,FALSE,FALSE,FALSE,FALSE,FALSE,FALSE,FALSE,FALSE,FALSE,FALSE,FALSE,FALSE
32,Course Project,Somewhat prefer online courses,No,Yes,80,8,Moderately Conservative,Moderately Agree,Limited Protest,Male,21,No,Urban,26,2.1,SOECS,8,17,TRUE,FALSE,FALSE,6,FALSE,TRUE,TRUE,FALSE,FALSE,FALSE,TRUE,FALSE,FALSE,TRUE,TRUE,TRUE,FALSE,FALSE,FALSE,FALSE
29,Portfolio of Work,Somewhat prefer in person courses,Yes,No,0,10,Moderately Aggressive,Moderately Agree,Limited Protest,Male,12,No,Urban,21,2.8,SOECS,4,14,FALSE,TRUE,FALSE,6,FALSE,TRUE,FALSE,FALSE,FALSE,FALSE,FALSE,FALSE,TRUE,TRUE,TRUE,TRUE,FALSE,FALSE,FALSE,TRUE
18,Exam(s),Somewhat prefer online courses,No,No,80,0,Moderate,Moderately Agree,No Protest,Female,5,HS,Urban,19,3.5,ESB,2,16,FALSE,TRUE,FALSE,8,TRUE,TRUE,TRUE,FALSE,FALSE,TRUE,FALSE,FALSE,FALSE,TRUE,FALSE,FALSE,TRUE,FALSE,TRUE,TRUE
18,Exam(s),Highly prefer online courses,No,No,90,0,Conservative,Strongly Agree,No Protest,Female,5,No,Rural,18,3.7,ESB,3,16,FALSE,TRUE,FALSE,3,FALSE,TRUE,FALSE,FALSE,FALSE,FALSE,FALSE,TRUE,FALSE,TRUE,FALSE,FALSE,FALSE,FALSE,FALSE,FALSE
16,Course Project,Highly prefer online courses,Yes,No,153,9,Moderate,Strongly Agree,No Protest,Prefer not to disclose,9999,HS,Urban,18,0,DEN,12,17,FALSE,TRUE,FALSE,20,TRUE,TRUE,FALSE,TRUE,TRUE,TRUE,TRUE,TRUE,TRUE,TRUE,TRUE,TRUE,TRUE,TRUE,TRUE,TRUE
17,Portfolio of Work,Neutral,No,No,0,0,Moderate,This is my first semester at the University of the Pacific and not had enough time on campus to form an opinion.,Limited Protest,Female,2,HS,Urban,18,0,COP-NS,5,18,FALSE,TRUE,FALSE,3,FALSE,FALSE,FALSE,FALSE,FALSE,FALSE,FALSE,FALSE,FALSE,TRUE,TRUE,TRUE,FALSE,FALSE,FALSE,FALSE
14,Portfolio of Work,Highly prefer in person courses,No,No,90,7,Moderate,Moderately Disagree,No Protest,Male,3,HS,Suburban,19,3.4,ESB,2,15,TRUE,FALSE,FALSE,1,FALSE,TRUE,FALSE,FALSE,FALSE,FALSE,FALSE,FALSE,FALSE,FALSE,FALSE,FALSE,FALSE,FALSE,FALSE,FALSE
21,Exam(s),Highly prefer in person courses,Yes,No,80,5,Moderate,Moderately Agree,Limited Protest,Female,20,HS,Suburban,19,2.8,COP-NS,6,14,FALSE,TRUE,FALSE,9,TRUE,TRUE,TRUE,FALSE,FALSE,FALSE,TRUE,FALSE,FALSE,TRUE,TRUE,TRUE,FALSE,FALSE,TRUE,TRUE
10,Exam(s),Somewhat prefer in person courses,No,No,80,0,Moderate,Strongly Agree,No Protest,Female,15,HS,Rural,18,3.9,ESB,3,15,FALSE,TRUE,FALSE,3,TRUE,TRUE,TRUE,FALSE,FALSE,FALSE,FALSE,FALSE,FALSE,FALSE,FALSE,FALSE,FALSE,FALSE,FALSE,FALSE
31,Course Project,Highly prefer online courses,No,No,75,0,Moderately Aggressive,Strongly Agree,Limited Protest,Male,40,HS,Suburban,22,2.9,ESB,2,17,FALSE,TRUE,FALSE,8,FALSE,FALSE,FALSE,FALSE,TRUE,FALSE,TRUE,TRUE,FALSE,TRUE,FALSE,TRUE,FALSE,TRUE,TRUE,FALSE
21,Course Project,Neutral,No,No,65,0,Moderate,Strongly Agree,Limited Protest,Female,10,No,Suburban,20,2.2,COP-NS,3,16,FALSE,TRUE,FALSE,17,TRUE,TRUE,TRUE,FALSE,TRUE,TRUE,TRUE,TRUE,TRUE,TRUE,TRUE,TRUE,FALSE,TRUE,TRUE,TRUE
12,Portfolio of Work,Neutral,No,No,90,4,Moderately Aggressive,Moderately Disagree,Limited Protest,Male,11,College,Suburban,18,3,ESB,6,16,TRUE,TRUE,TRUE,7,FALSE,TRUE,FALSE,FALSE,FALSE,FALSE,TRUE,FALSE,TRUE,TRUE,TRUE,TRUE,FALSE,FALSE,FALSE,TRUE
19,Course Project,Highly prefer online courses,No,No,90,0,Moderate,Moderately Agree,Limited Protest,Female,3,College,Suburban,19,3.4,ESB,4,17,TRUE,FALSE,FALSE,10,TRUE,TRUE,FALSE,FALSE,FALSE,FALSE,TRUE,TRUE,FALSE,TRUE,FALSE,TRUE,TRUE,TRUE,TRUE,TRUE
19,Course Project,Highly prefer online courses,No,No,90,0,Moderate,Moderately Agree,Limited Protest,Female,3,College,Suburban,19,3.4,ESB,4,17,TRUE,FALSE,FALSE,10,TRUE,TRUE,FALSE,FALSE,FALSE,FALSE,TRUE,TRUE,FALSE,TRUE,FALSE,TRUE,TRUE,TRUE,TRUE,TRUE
5,Term Paper,Somewhat prefer in person courses,Yes,No,126,7,Moderately Aggressive,Moderately Agree,Limited Protest,Male,8,No,Suburban,21,3.4,ESB,2,16,FALSE,TRUE,FALSE,4,FALSE,FALSE,FALSE,FALSE,FALSE,FALSE,FALSE,FALSE,FALSE,TRUE,TRUE,TRUE,FALSE,FALSE,TRUE,FALSE
13,Portfolio of Work,Somewhat prefer in person courses,Yes,Yes,10,4,Moderate,Moderately Agree,Limited Protest,Male,10,No,Suburban,20,3.5,SOECS,6,15,FALSE,TRUE,FALSE,8,FALSE,TRUE,FALSE,FALSE,TRUE,FALSE,TRUE,FALSE,FALSE,TRUE,TRUE,TRUE,FALSE,FALSE,TRUE,TRUE
6,Course Project,Neutral,No,No,80,0,Moderate,Strongly Agree,No Protest,Male,20,HS,Suburban,19,3,SOECS,2,16,TRUE,FALSE,FALSE,4,FALSE,TRUE,TRUE,FALSE,FALSE,FALSE,FALSE,FALSE,FALSE,FALSE,FALSE,TRUE,FALSE,FALSE,TRUE,FALSE
19,Course Project,Somewhat prefer online courses,No,No,163,0,Moderately Aggressive,Moderately Disagree,No Protest,Male,1,HS,Rural,22,3.2,ESB,5,16,FALSE,TRUE,FALSE,2,FALSE,FALSE,FALSE,FALSE,FALSE,FALSE,FALSE,FALSE,FALSE,TRUE,FALSE,FALSE,FALSE,FALSE,TRUE,FALSE
14,Exam(s),Highly prefer in person courses,No,No,80,0,Moderate,Strongly Agree,Limited Protest,Male,16,No,Urban,20,2.7,SOECS,8,12,FALSE,TRUE,FALSE,4,TRUE,TRUE,FALSE,FALSE,FALSE,FALSE,TRUE,FALSE,FALSE,FALSE,FALSE,FALSE,FALSE,FALSE,FALSE,TRUE
17,Exam(s),Neutral,Yes,No,120,4,Moderate,Moderately Agree,Limited Protest,Female,8,HS,Urban,20,2.9,ESB,8,17,TRUE,FALSE,FALSE,6,TRUE,TRUE,TRUE,FALSE,FALSE,FALSE,FALSE,FALSE,FALSE,TRUE,FALSE,TRUE,TRUE,FALSE,FALSE,FALSE
20,Course Project,Neutral,No,No,60,0,Moderate,Moderately Disagree,Limited Protest,Male,1,College,Urban,20,2.46,SOECS,8,5,FALSE,TRUE,FALSE,2,TRUE,TRUE,FALSE,FALSE,FALSE,FALSE,FALSE,FALSE,FALSE,FALSE,FALSE,FALSE,FALSE,FALSE,FALSE,FALSE
